"espn_id","uid","slug","abbreviation","displayName","shortDisplayName","name","nickname","location","color","alternateColor","isActive","isAllStar","logo","Clubhouse","Roster","Statistics","Schedule","Tickets"
"2562","s:20~l:23~t:2562","adrian-saints","SH","Adrian Saints","Sieheights","Saints","Sieheights","Adrian","000000",NA,TRUE,FALSE,NA,"https://www.espn.com/college-football/team/_/id/2562/adrian-saints","https://www.espn.com/college-football/team/roster/_/id/2562","https://www.espn.com/college-football/team/stats/_/id/2562","https://www.espn.com/college-football/team/schedule/_/id/2562",NA
"3111","s:20~l:23~t:3111","apprentice-school-builders","APPRE","Apprentice School Builders","Apprentice","Builders","Apprentice","Apprentice School","000000",NA,TRUE,FALSE,NA,"https://www.espn.com/college-football/team/_/id/3111/apprentice-school-builders","https://www.espn.com/college-football/team/roster/_/id/3111","https://www.espn.com/college-football/team/stats/_/id/3111","https://www.espn.com/college-football/team/schedule/_/id/3111",NA
"3178","s:20~l:23~t:3178","ave-maria-university-gyrenes","AVE M","Ave Maria University Gyrenes","Ave Maria","Gyrenes","Ave Maria","Ave Maria University","000000",NA,TRUE,FALSE,NA,"https://www.espn.com/college-football/team/_/id/3178/ave-maria-university-gyrenes","https://www.espn.com/college-football/team/roster/_/id/3178","https://www.espn.com/college-football/team/stats/_/id/3178","https://www.espn.com/college-football/team/schedule/_/id/3178",NA
"2048","s:20~l:23~t:2048","avila-university-eagles","AVILA","Avila University Eagles","Avila","Eagles","Avila","Avila University","000000",NA,TRUE,FALSE,NA,"https://www.espn.com/college-football/team/_/id/2048/avila-university-eagles","https://www.espn.com/college-football/team/roster/_/id/2048","https://www.espn.com/college-football/team/stats/_/id/2048","https://www.espn.com/college-football/team/schedule/_/id/2048",NA
"495","s:20~l:23~t:495","bluefield-ramblin-rams","BLU","BLUEFIELD Ramblin' Rams","Bluefield","Ramblin' Rams","Bluefield","BLUEFIELD",NA,NA,TRUE,FALSE,NA,"https://www.espn.com/college-football/team/_/id/495/bluefield-ramblin-rams","https://www.espn.com/college-football/team/roster/_/id/495","https://www.espn.com/college-football/team/stats/_/id/495","https://www.espn.com/college-football/team/schedule/_/id/495",NA
"488","s:20~l:23~t:488","baker-university-baker","BAK","Baker University Baker","Baker","Baker","Baker","Baker University","000000",NA,TRUE,FALSE,NA,"https://www.espn.com/college-football/team/_/id/488/baker-university-baker","https://www.espn.com/college-football/team/roster/_/id/488","https://www.espn.com/college-football/team/stats/_/id/488","https://www.espn.com/college-football/team/schedule/_/id/488",NA
"16111","s:20~l:23~t:16111","benedictine-college-ravens","BENC","Benedictine College Ravens","Bndctn Col","Ravens","Bndctn Col","Benedictine College",NA,NA,TRUE,FALSE,NA,"https://www.espn.com/college-football/team/_/id/16111/benedictine-college-ravens","https://www.espn.com/college-football/team/roster/_/id/16111","https://www.espn.com/college-football/team/stats/_/id/16111","https://www.espn.com/college-football/team/schedule/_/id/16111",NA
"492","s:20~l:23~t:492","bethany-ks-bethany-ks","BETHA","Bethany (KS) Bethany (Ks)","Bethany KS","Bethany (Ks)","Bethany KS","Bethany (KS)","000000",NA,TRUE,FALSE,NA,"https://www.espn.com/college-football/team/_/id/492/bethany-ks-bethany-ks","https://www.espn.com/college-football/team/roster/_/id/492","https://www.espn.com/college-football/team/stats/_/id/492","https://www.espn.com/college-football/team/schedule/_/id/492",NA
"2064","s:20~l:23~t:2064","bethel-university-tennessee-wildcats","BETHTN","Bethel University Tennessee Wildcats","Bethel TN","Wildcats","Bethel TN","Bethel University Tennessee","000000",NA,TRUE,FALSE,"https://a.espncdn.com/i/teamlogos/ncaa/500/2064.png","https://www.espn.com/college-football/team/_/id/2064/bethel-university-tennessee-wildcats","https://www.espn.com/college-football/team/roster/_/id/2064","https://www.espn.com/college-football/team/stats/_/id/2064","https://www.espn.com/college-football/team/schedule/_/id/2064",NA
"111675","s:20~l:23~t:111675","biddeford-noreasters","NWENG","Biddeford Nor'easters","NEWENGLAND","Nor'easters","NEWENGLAND","Biddeford",NA,NA,TRUE,FALSE,"https://a.espncdn.com/i/teamlogos/ncaa/500/111675.png",NA,"https://www.espn.com/college-football/team/roster/_/id/111675","https://www.espn.com/college-football/team/stats/_/id/111675","https://www.espn.com/college-football/team/schedule/_/id/111675",NA
"2080","s:20~l:23~t:2080","british-columbia-british-col","BBM","British Columbia British Col","Britsh Col","British Col","Britsh Col","British Columbia","000000",NA,TRUE,FALSE,NA,"https://www.espn.com/college-football/team/_/id/2080/british-columbia-british-col","https://www.espn.com/college-football/team/roster/_/id/2080","https://www.espn.com/college-football/team/stats/_/id/2080","https://www.espn.com/college-football/team/schedule/_/id/2080",NA
"101442","s:20~l:23~t:101442","centenary-gentlemen","CEN","CENTENARY Gentlemen","Centenary","Gentlemen","Centenary","CENTENARY","000000",NA,TRUE,FALSE,NA,NA,"https://www.espn.com/college-football/team/roster/_/id/101442","https://www.espn.com/college-football/team/stats/_/id/101442","https://www.espn.com/college-football/team/schedule/_/id/101442",NA
"2098","s:20~l:23~t:2098","campbellsville-university-tigers","CMPBVIL","Campbellsville University Tigers","Camplville","Tigers","Camplville","Campbellsville University",NA,NA,TRUE,FALSE,"https://a.espncdn.com/guid/f76ae38d-adc8-ca05-8b1f-566b0bd32457/logos/primary_logo_on_white_color.png","https://www.espn.com/college-football/team/_/id/2098/campbellsville-university-tigers","https://www.espn.com/college-football/team/roster/_/id/2098","https://www.espn.com/college-football/team/stats/_/id/2098","https://www.espn.com/college-football/team/schedule/_/id/2098",NA
"2860","s:20~l:23~t:2860","central-methodist-eagles","CDF","Central Methodist Eagles","C Methodst","Eagles","C Methodst","Central Methodist","000000",NA,TRUE,FALSE,NA,"https://www.espn.com/college-football/team/_/id/2860/central-methodist-eagles","https://www.espn.com/college-football/team/roster/_/id/2860","https://www.espn.com/college-football/team/stats/_/id/2860","https://www.espn.com/college-football/team/schedule/_/id/2860",NA
"3253","s:20~l:23~t:3253","charlotte-saints","COLLE","Charlotte Saints","Faith NC","Saints","Faith NC","Charlotte",NA,NA,TRUE,FALSE,NA,"https://www.espn.com/college-football/team/_/id/3253/charlotte-saints","https://www.espn.com/college-football/team/roster/_/id/3253","https://www.espn.com/college-football/team/stats/_/id/3253","https://www.espn.com/college-football/team/schedule/_/id/3253",NA
"3210","s:20~l:23~t:3210","cole-college-jaguars","COLE","Cole College Jaguars","Cole","Jaguars","Cole","Cole College",NA,NA,TRUE,FALSE,NA,"https://www.espn.com/college-football/team/_/id/3210/cole-college-jaguars","https://www.espn.com/college-football/team/roster/_/id/3210","https://www.espn.com/college-football/team/stats/_/id/3210","https://www.espn.com/college-football/team/schedule/_/id/3210",NA
"108382","s:20~l:23~t:108382","college-of-idaho-yotes","COI","College of Idaho Yotes","Coll. of Idaho","Yotes","Coll. of Idaho","College of Idaho",NA,NA,TRUE,FALSE,NA,"https://www.espn.com/college-football/team/_/id/108382/college-of-idaho-yotes","https://www.espn.com/college-football/team/roster/_/id/108382","https://www.espn.com/college-football/team/stats/_/id/108382","https://www.espn.com/college-football/team/schedule/_/id/108382",NA
"507","s:20~l:23~t:507","concordia-university-nebraska-clippers","CONCONE","Concordia University Nebraska Clippers","Cncrdia NE","Clippers","Cncrdia NE","Concordia University Nebraska",NA,NA,TRUE,FALSE,NA,"https://www.espn.com/college-football/team/_/id/507/concordia-university-nebraska-clippers","https://www.espn.com/college-football/team/roster/_/id/507","https://www.espn.com/college-football/team/stats/_/id/507","https://www.espn.com/college-football/team/schedule/_/id/507",NA
"2985","s:20~l:23~t:2985","concordia-michigan-cardinals","CONCMI","Concordia-Michigan Cardinals","Cncrdia MI","Cardinals","Cncrdia MI","Concordia-Michigan","000000",NA,TRUE,FALSE,NA,"https://www.espn.com/college-football/team/_/id/2985/concordia-michigan-cardinals","https://www.espn.com/college-football/team/roster/_/id/2985","https://www.espn.com/college-football/team/stats/_/id/2985","https://www.espn.com/college-football/team/schedule/_/id/2985",NA
"510","s:20~l:23~t:510","culver-stockton-college-wildcats","CULVE","Culver-Stockton College Wildcats","Culvr-Stck","Wildcats","Culvr-Stck","Culver-Stockton College",NA,NA,TRUE,FALSE,NA,"https://www.espn.com/college-football/team/_/id/510/culver-stockton-college-wildcats","https://www.espn.com/college-football/team/roster/_/id/510","https://www.espn.com/college-football/team/stats/_/id/510","https://www.espn.com/college-football/team/schedule/_/id/510",NA
"511","s:20~l:23~t:511","cumberland-ky-indians","CUMB","Cumberland (KY) Indians","Cmbrlnd KY","Indians","Cmbrlnd KY","Cumberland (KY)","000000",NA,TRUE,FALSE,NA,"https://www.espn.com/college-football/team/_/id/511/cumberland-ky-indians","https://www.espn.com/college-football/team/roster/_/id/511","https://www.espn.com/college-football/team/stats/_/id/511","https://www.espn.com/college-football/team/schedule/_/id/511",NA
"2161","s:20~l:23~t:2161","cumberland-tn-bulldogs","CUMBTN","Cumberland (TN) Bulldogs","Cmbrlnd TN","Bulldogs","Cmbrlnd TN","Cumberland (TN)",NA,NA,TRUE,FALSE,NA,"https://www.espn.com/college-football/team/_/id/2161/cumberland-tn-bulldogs","https://www.espn.com/college-football/team/roster/_/id/2161","https://www.espn.com/college-football/team/stats/_/id/2161","https://www.espn.com/college-football/team/schedule/_/id/2161",NA
"512","s:20~l:23~t:512","dakota-state-university-trojans","DAKOT","Dakota State University Trojans","Dakota St","Trojans","Dakota St","Dakota State University","000000",NA,TRUE,FALSE,"https://a.espncdn.com/i/teamlogos/ncaa/500/512.png","https://www.espn.com/college-football/team/_/id/512/dakota-state-university-trojans","https://www.espn.com/college-football/team/roster/_/id/512","https://www.espn.com/college-football/team/stats/_/id/512","https://www.espn.com/college-football/team/schedule/_/id/512",NA
"513","s:20~l:23~t:513","dakota-wesleyan-tigers","DWU","Dakota Wesleyan Tigers","Dakota Wes","Tigers","Dakota Wes","Dakota Wesleyan",NA,NA,TRUE,FALSE,NA,"https://www.espn.com/college-football/team/_/id/513/dakota-wesleyan-tigers","https://www.espn.com/college-football/team/roster/_/id/513","https://www.espn.com/college-football/team/stats/_/id/513","https://www.espn.com/college-football/team/schedule/_/id/513",NA
"190","s:20~l:23~t:190","defiance-college-yellow-jackets","DEF","Defiance College Yellow Jackets","Defiance","Yellow Jackets","Defiance","Defiance College","4e2d8a","ded27c",TRUE,FALSE,"https://a.espncdn.com/i/teamlogos/ncaa/500/190.png","https://www.espn.com/college-football/team/_/id/190/defiance-college-yellow-jackets","https://www.espn.com/college-football/team/roster/_/id/190","https://www.espn.com/college-football/team/stats/_/id/190","https://www.espn.com/college-football/team/schedule/_/id/190",NA
"2254","s:20~l:23~t:2254","des-moines-vikings","GRANDVIEW","Des Moines Vikings","Grand View","Vikings","Grand View","Des Moines",NA,NA,TRUE,FALSE,"https://a.espncdn.com/i/teamlogos/ncaa/500/2254.png","https://www.espn.com/college-football/team/_/id/2254/des-moines-vikings","https://www.espn.com/college-football/team/roster/_/id/2254","https://www.espn.com/college-football/team/stats/_/id/2254","https://www.espn.com/college-football/team/schedule/_/id/2254",NA
"316","s:20~l:23~t:316","dickinson-state-university-blue-hawks","DIC","Dickinson State University Blue Hawks","Dicknsn St","Blue Hawks","Dicknsn St","Dickinson State University","000000",NA,TRUE,FALSE,"https://a.espncdn.com/guid/ddfd8c06-89f1-9e9f-d698-ec5ed6637891/logos/primary_logo_on_white_color.png","https://www.espn.com/college-football/team/_/id/316/dickinson-state-university-blue-hawks","https://www.espn.com/college-football/team/roster/_/id/316","https://www.espn.com/college-football/team/stats/_/id/316","https://www.espn.com/college-football/team/schedule/_/id/316",NA
"2837","s:20~l:23~t:2837","east-texas-am-lions","ETAM","East Texas A&M Lions","E Texas A&M","Lions","E Texas A&M","East Texas A&M","000000",NA,TRUE,FALSE,"https://a.espncdn.com/i/teamlogos/ncaa/500/2837.png","https://www.espn.com/college-football/team/_/id/2837/east-texas-am-lions","https://www.espn.com/college-football/team/roster/_/id/2837","https://www.espn.com/college-football/team/stats/_/id/2837","https://www.espn.com/college-football/team/schedule/_/id/2837","https://www.vividseats.com/texas-am-universitycommerce-lions-football-tickets--sports-ncaa-football/performer/29908?wsUser=717"
"2202","s:20~l:23~t:2202","eastern-oregon","EORE","Eastern Oregon","E Oregon","Eastern Oregon","E Oregon","Eastern Oregon",NA,NA,TRUE,FALSE,NA,"https://www.espn.com/college-football/team/_/id/2202/eastern-oregon","https://www.espn.com/college-football/team/roster/_/id/2202","https://www.espn.com/college-football/team/stats/_/id/2202","https://www.espn.com/college-football/team/schedule/_/id/2202",NA
"122775","s:20~l:23~t:122775","elgin-eagles","JUDSO","Elgin Eagles","JUDSON","Eagles","JUDSON","Elgin",NA,NA,TRUE,FALSE,NA,"https://www.espn.com/college-football/team/_/id/122775/elgin-eagles","https://www.espn.com/college-football/team/roster/_/id/122775","https://www.espn.com/college-football/team/stats/_/id/122775","https://www.espn.com/college-football/team/schedule/_/id/122775",NA
"3236","s:20~l:23~t:3236","erie-kats","ECC","Erie Kats","Erie","Kats","Erie","Erie",NA,NA,TRUE,FALSE,NA,"https://www.espn.com/college-football/team/_/id/3236/erie-kats","https://www.espn.com/college-football/team/roster/_/id/3236","https://www.espn.com/college-football/team/stats/_/id/3236","https://www.espn.com/college-football/team/schedule/_/id/3236",NA
"2865","s:20~l:23~t:2865","evangel-university-crusaders","EVA","Evangel University Crusaders","Evangel","Crusaders","Evangel","Evangel University",NA,NA,TRUE,FALSE,NA,"https://www.espn.com/college-football/team/_/id/2865/evangel-university-crusaders","https://www.espn.com/college-football/team/roster/_/id/2865","https://www.espn.com/college-football/team/stats/_/id/2865","https://www.espn.com/college-football/team/schedule/_/id/2865",NA
"2219","s:20~l:23~t:2219","faulkner-university-eagles","FAULKNER","Faulkner University Eagles","Faulkner","Eagles","Faulkner","Faulkner University","000000",NA,TRUE,FALSE,NA,"https://www.espn.com/college-football/team/_/id/2219/faulkner-university-eagles","https://www.espn.com/college-football/team/roster/_/id/2219","https://www.espn.com/college-football/team/stats/_/id/2219","https://www.espn.com/college-football/team/schedule/_/id/2219",NA
"125762","s:20~l:23~t:125762","florida-memorial-university-lions","FLAMEMRL","Florida Memorial University Lions","Florida Memori","Lions","Florida Memori","Florida Memorial University",NA,NA,TRUE,FALSE,NA,"https://www.espn.com/college-football/team/_/id/125762/florida-memorial-university-lions","https://www.espn.com/college-football/team/roster/_/id/125762","https://www.espn.com/college-football/team/stats/_/id/125762","https://www.espn.com/college-football/team/schedule/_/id/125762",NA
"527","s:20~l:23~t:527","friends-university-friends","FRIE","Friends University Friends","Friends","Friends","Friends","Friends University",NA,NA,TRUE,FALSE,NA,"https://www.espn.com/college-football/team/_/id/527/friends-university-friends","https://www.espn.com/college-football/team/roster/_/id/527","https://www.espn.com/college-football/team/stats/_/id/527","https://www.espn.com/college-football/team/schedule/_/id/527",NA
"2245","s:20~l:23~t:2245","georgetown-college-kentucky-tigers","GTOWNCOLL","Georgetown College Kentucky Tigers","G'Town Col","Tigers","G'Town Col","Georgetown College Kentucky",NA,NA,TRUE,FALSE,"https://a.espncdn.com/i/teamlogos/ncaa/500/2245.png","https://www.espn.com/college-football/team/_/id/2245/georgetown-college-kentucky-tigers","https://www.espn.com/college-football/team/roster/_/id/2245","https://www.espn.com/college-football/team/stats/_/id/2245","https://www.espn.com/college-football/team/schedule/_/id/2245",NA
"530","s:20~l:23~t:530","graceland-university-graceland","GRC","Graceland University Graceland","Graceland","Graceland","Graceland","Graceland University","000000",NA,TRUE,FALSE,"https://a.espncdn.com/i/teamlogos/ncaa/500/530.png","https://www.espn.com/college-football/team/_/id/530/graceland-university-graceland","https://www.espn.com/college-football/team/roster/_/id/530","https://www.espn.com/college-football/team/stats/_/id/530","https://www.espn.com/college-football/team/schedule/_/id/530",NA
"535","s:20~l:23~t:535","haskell-indian-nations-univ-jayhawks","HASKELL","Haskell Indian Nations Univ Jayhawks","Haskell","Jayhawks","Haskell","Haskell Indian Nations Univ","000000",NA,TRUE,FALSE,NA,"https://www.espn.com/college-football/team/_/id/535/haskell-indian-nations-univ-jayhawks","https://www.espn.com/college-football/team/roster/_/id/535","https://www.espn.com/college-football/team/stats/_/id/535","https://www.espn.com/college-football/team/schedule/_/id/535",NA
"108354","s:20~l:23~t:108354","holland-college-hurricanes","HOL","Holland College Hurricanes","Holland College","Hurricanes","Holland College","Holland College",NA,NA,TRUE,FALSE,"https://a.espncdn.com/guid/9840c56b-7307-362b-9947-6ce6f5161ebd/logos/primary_logo_on_white_color.png","https://www.espn.com/college-football/team/_/id/108354/holland-college-hurricanes","https://www.espn.com/college-football/team/roster/_/id/108354","https://www.espn.com/college-football/team/stats/_/id/108354","https://www.espn.com/college-football/team/schedule/_/id/108354",NA
"111756","s:20~l:23~t:111756","indiana-wesleyan-wildcats","INWESL","Indiana Wesleyan Wildcats","INDWESLYAN","Wildcats","INDWESLYAN","Indiana Wesleyan",NA,NA,TRUE,FALSE,NA,"https://www.espn.com/college-football/team/_/id/111756/indiana-wesleyan-wildcats","https://www.espn.com/college-football/team/roster/_/id/111756","https://www.espn.com/college-football/team/stats/_/id/111756","https://www.espn.com/college-football/team/schedule/_/id/111756",NA
"2292","s:20~l:23~t:2292","indianapolis-greyhounds","INDY","Indianapolis Greyhounds","Indy","Greyhounds","Indy","Indianapolis","000000",NA,TRUE,FALSE,"https://a.espncdn.com/i/teamlogos/ncaa/500/2292.png",NA,"https://www.espn.com/college-football/team/roster/_/id/2292","https://www.espn.com/college-football/team/stats/_/id/2292","https://www.espn.com/college-football/team/schedule/_/id/2292",NA
"2939","s:20~l:23~t:2939","jamestown-college-jimmies","JAM","Jamestown College Jimmies","Jamestown","Jimmies","Jamestown","Jamestown College","000000",NA,TRUE,FALSE,NA,"https://www.espn.com/college-football/team/_/id/2939/jamestown-college-jimmies","https://www.espn.com/college-football/team/roster/_/id/2939","https://www.espn.com/college-football/team/stats/_/id/2939","https://www.espn.com/college-football/team/schedule/_/id/2939",NA
"547","s:20~l:23~t:547","kansas-wesleyan-ks-wesleyan","KANSA","Kansas Wesleyan Ks Wesleyan","KS Weslyan","Ks Wesleyan","KS Weslyan","Kansas Wesleyan","000000",NA,TRUE,FALSE,NA,"https://www.espn.com/college-football/team/_/id/547/kansas-wesleyan-ks-wesleyan","https://www.espn.com/college-football/team/roster/_/id/547","https://www.espn.com/college-football/team/stats/_/id/547","https://www.espn.com/college-football/team/schedule/_/id/547",NA
"126110","s:20~l:23~t:126110","keiser-university-keiser","KEISER","Keiser University Keiser","Keiser Univers","Keiser","Keiser Univers","Keiser University",NA,NA,TRUE,FALSE,NA,"https://www.espn.com/college-football/team/_/id/126110/keiser-university-keiser","https://www.espn.com/college-football/team/roster/_/id/126110","https://www.espn.com/college-football/team/stats/_/id/126110","https://www.espn.com/college-football/team/schedule/_/id/126110",NA
"338","s:20~l:23~t:338","kennesaw-state-owls","KENN","Kennesaw State Owls","Kennesaw St","Owls","Kennesaw St","Kennesaw State","fdbb30","000000",TRUE,FALSE,"https://a.espncdn.com/i/teamlogos/ncaa/500/338.png","https://www.espn.com/college-football/team/_/id/338/kennesaw-state-owls","https://www.espn.com/college-football/team/roster/_/id/338","https://www.espn.com/college-football/team/stats/_/id/338","https://www.espn.com/college-football/team/schedule/_/id/338","https://www.vividseats.com/kennesaw-state-owls-football-tickets--sports-ncaa-football/performer/43918?wsUser=717"
"3077","s:20~l:23~t:3077","kentucky-christian-knights","KYCHR","Kentucky Christian Knights","KCU","Knights","KCU","Kentucky Christian","000000",NA,TRUE,FALSE,NA,"https://www.espn.com/college-football/team/_/id/3077/kentucky-christian-knights","https://www.espn.com/college-football/team/roster/_/id/3077","https://www.espn.com/college-football/team/stats/_/id/3077","https://www.espn.com/college-football/team/schedule/_/id/3077",NA
"267","s:20~l:23~t:267","lakeland-fires","SEU","LAKELAND Fires","Southeastern","Fires","Southeastern","LAKELAND","007dc3","ffc423",TRUE,FALSE,NA,"https://www.espn.com/college-football/team/_/id/267/lakeland-fires","https://www.espn.com/college-football/team/roster/_/id/267","https://www.espn.com/college-football/team/stats/_/id/267","https://www.espn.com/college-football/team/schedule/_/id/267",NA
"101161","s:20~l:23~t:101161","lyoncoll-scots","LYON","LYONCOLL Scots","LYONCOLL","Scots","LYONCOLL","LYONCOLL","000000",NA,TRUE,FALSE,NA,NA,"https://www.espn.com/college-football/team/roster/_/id/101161","https://www.espn.com/college-football/team/stats/_/id/101161","https://www.espn.com/college-football/team/schedule/_/id/101161",NA
"2324","s:20~l:23~t:2324","langston-university-lions","LANGSTON","Langston University Lions","Langston","Lions","Langston","Langston University",NA,NA,TRUE,FALSE,NA,"https://www.espn.com/college-football/team/_/id/2324/langston-university-lions","https://www.espn.com/college-football/team/roster/_/id/2324","https://www.espn.com/college-football/team/stats/_/id/2324","https://www.espn.com/college-football/team/schedule/_/id/2324",NA
"111610","s:20~l:23~t:111610","laurinburg-knights","ST. A","Laurinburg Knights","St. Andrew","Knights","St. Andrew","Laurinburg",NA,NA,TRUE,FALSE,NA,"https://www.espn.com/college-football/team/_/id/111610/laurinburg-knights","https://www.espn.com/college-football/team/roster/_/id/111610","https://www.espn.com/college-football/team/stats/_/id/111610","https://www.espn.com/college-football/team/schedule/_/id/111610",NA
"124179","s:20~l:23~t:124179","lincoln-ca-oaklanders","LIN","Lincoln (CA) Oaklanders","Lincoln (CA)","Oaklanders","Lincoln (CA)","Lincoln (CA)",NA,NA,TRUE,FALSE,NA,"https://www.espn.com/college-football/team/_/id/124179/lincoln-ca-oaklanders","https://www.espn.com/college-football/team/roster/_/id/124179","https://www.espn.com/college-football/team/stats/_/id/124179","https://www.espn.com/college-football/team/schedule/_/id/124179",NA
"3209","s:20~l:23~t:3209","lindenwood-belleville-lynx","LINB","Lindenwood Belleville Lynx","Lind Bellv","Lynx","Lind Bellv","Lindenwood Belleville",NA,NA,TRUE,FALSE,NA,"https://www.espn.com/college-football/team/_/id/3209/lindenwood-belleville-lynx","https://www.espn.com/college-football/team/roster/_/id/3209","https://www.espn.com/college-football/team/stats/_/id/3209","https://www.espn.com/college-football/team/schedule/_/id/3209",NA
"2815","s:20~l:23~t:2815","lindenwood-lions","LIN","Lindenwood Lions","Lindenwood","Lions","Lindenwood","Lindenwood","000000",NA,TRUE,FALSE,"https://a.espncdn.com/i/teamlogos/ncaa/500/2815.png","https://www.espn.com/college-football/team/_/id/2815/lindenwood-lions","https://www.espn.com/college-football/team/roster/_/id/2815","https://www.espn.com/college-football/team/stats/_/id/2815","https://www.espn.com/college-football/team/schedule/_/id/2815","https://www.vividseats.com/lindenwood-lions-football-tickets--sports-ncaa-football/performer/105626?wsUser=717"
"2877","s:20~l:23~t:2877","lindsey-wilson-college-lindsey","LINDWIL","Lindsey Wilson College Lindsey","Lindsey Wilson","Lindsey","Lindsey Wilson","Lindsey Wilson College",NA,NA,TRUE,FALSE,NA,"https://www.espn.com/college-football/team/_/id/2877/lindsey-wilson-college-lindsey","https://www.espn.com/college-football/team/roster/_/id/2877","https://www.espn.com/college-football/team/stats/_/id/2877","https://www.espn.com/college-football/team/schedule/_/id/2877",NA
"124386","s:20~l:23~t:124386","little-rock-buffaloes","ARKAN","Little Rock Buffaloes","Arkansas Bapti","Buffaloes","Arkansas Bapti","Little Rock",NA,NA,TRUE,FALSE,NA,"https://www.espn.com/college-football/team/_/id/124386/arkansas-baptist-buffaloes","https://www.espn.com/college-football/team/roster/_/id/124386","https://www.espn.com/college-football/team/stats/_/id/124386","https://www.espn.com/college-football/team/schedule/_/id/124386",NA
"2347","s:20~l:23~t:2347","louisiana-college-wildcats","LACOLLEGE","Louisiana College Wildcats","LA College","Wildcats","LA College","Louisiana College","000000",NA,TRUE,FALSE,"https://a.espncdn.com/guid/e678dcd8-a1e1-55e8-5dcb-4b1076cb6629/logos/primary_logo_on_white_color.png","https://www.espn.com/college-football/team/_/id/2347/louisiana-christian-university-wildcats","https://www.espn.com/college-football/team/roster/_/id/2347","https://www.espn.com/college-football/team/stats/_/id/2347","https://www.espn.com/college-football/team/schedule/_/id/2347",NA
"2770","s:20~l:23~t:2770","manitoba-manitoba","MAN","MANITOBA Manitoba","Manitoba","Manitoba","Manitoba","MANITOBA","000000",NA,TRUE,FALSE,NA,"https://www.espn.com/college-football/team/_/id/2770/manitoba-manitoba","https://www.espn.com/college-football/team/roster/_/id/2770","https://www.espn.com/college-football/team/stats/_/id/2770","https://www.espn.com/college-football/team/schedule/_/id/2770",NA
"126146","s:20~l:23~t:126146","madonna-university-madonna","MADON","Madonna University Madonna","Madonna Univer","Madonna","Madonna Univer","Madonna University",NA,NA,TRUE,FALSE,NA,"https://www.espn.com/college-football/team/_/id/126146/madonna-university-madonna","https://www.espn.com/college-football/team/roster/_/id/126146","https://www.espn.com/college-football/team/stats/_/id/126146","https://www.espn.com/college-football/team/schedule/_/id/126146",NA
"274","s:20~l:23~t:274","maine-maritime-mariners","MAI","Maine Maritime Mariners","ME Mrtme","Mariners","ME Mrtme","Maine Maritime","000000",NA,TRUE,FALSE,NA,"https://www.espn.com/college-football/team/_/id/274/maine-maritime-mariners","https://www.espn.com/college-football/team/roster/_/id/274","https://www.espn.com/college-football/team/stats/_/id/274","https://www.espn.com/college-football/team/schedule/_/id/274",NA
"2365","s:20~l:23~t:2365","mansfield-university-mountaineers","MANSFIELD","Mansfield University Mountaineers","Mansfield","Mountaineers","Mansfield","Mansfield University","000000",NA,TRUE,FALSE,"https://a.espncdn.com/i/teamlogos/ncaa/500/2365.png","https://www.espn.com/college-football/team/_/id/2365/mansfield-university-mountaineers","https://www.espn.com/college-football/team/roster/_/id/2365","https://www.espn.com/college-football/team/stats/_/id/2365","https://www.espn.com/college-football/team/schedule/_/id/2365",NA
"2366","s:20~l:23~t:2366","marian-college-marian","MARIANIN","Marian College Marian","Marian","Marian","Marian","Marian College","000000",NA,TRUE,FALSE,NA,"https://www.espn.com/college-football/team/_/id/2366/marian-college-marian","https://www.espn.com/college-football/team/roster/_/id/2366","https://www.espn.com/college-football/team/stats/_/id/2366","https://www.espn.com/college-football/team/schedule/_/id/2366",NA
"561","s:20~l:23~t:561","mayville-state-comets","MAYVILLE","Mayville State Comets","Mayvlle St","Comets","Mayvlle St","Mayville State","000000",NA,TRUE,FALSE,NA,"https://www.espn.com/college-football/team/_/id/561/mayville-state-comets","https://www.espn.com/college-football/team/roster/_/id/561","https://www.espn.com/college-football/team/stats/_/id/561","https://www.espn.com/college-football/team/schedule/_/id/561",NA
"2377","s:20~l:23~t:2377","mcneese-cowboys","MCN","McNeese Cowboys","McNeese","Cowboys","McNeese","McNeese","00529C",NA,TRUE,FALSE,"https://a.espncdn.com/i/teamlogos/ncaa/500/2377.png","https://www.espn.com/college-football/team/_/id/2377/mcneese-cowboys","https://www.espn.com/college-football/team/roster/_/id/2377","https://www.espn.com/college-football/team/stats/_/id/2377","https://www.espn.com/college-football/team/schedule/_/id/2377","https://www.vividseats.com/mcneese-state-cowboys-football-tickets--sports-ncaa-football/performer/3019?wsUser=717"
"2385","s:20~l:23~t:2385","mercyhurst-lakers","MERC","Mercyhurst Lakers","Mercyhurst","Lakers","Mercyhurst","Mercyhurst","000000",NA,TRUE,FALSE,"https://a.espncdn.com/i/teamlogos/ncaa/500/2385.png","https://www.espn.com/college-football/team/_/id/2385/mercyhurst-lakers","https://www.espn.com/college-football/team/roster/_/id/2385","https://www.espn.com/college-football/team/stats/_/id/2385","https://www.espn.com/college-football/team/schedule/_/id/2385","https://www.vividseats.com/mercyhurst-lakers-football-tickets--sports-football/performer/37290?wsUser=717"
"565","s:20~l:23~t:565","midland-lutheran-college-midland-lutheran","MIDLAND","Midland Lutheran College Midland Lutheran","Mid Luthrn","Midland Lutheran","Mid Luthrn","Midland Lutheran College","000000",NA,TRUE,FALSE,NA,"https://www.espn.com/college-football/team/_/id/565/midland-lutheran-college-midland-lutheran","https://www.espn.com/college-football/team/roster/_/id/565","https://www.espn.com/college-football/team/stats/_/id/565","https://www.espn.com/college-football/team/schedule/_/id/565",NA
"3100","s:20~l:23~t:3100","monterrey-tech-borregos","MON","Monterrey Tech Borregos","Monterrey","Borregos","Monterrey","Monterrey Tech","000000",NA,TRUE,FALSE,NA,"https://www.espn.com/college-football/team/_/id/3100/monterrey-tech-borregos","https://www.espn.com/college-football/team/roster/_/id/3100","https://www.espn.com/college-football/team/stats/_/id/3100","https://www.espn.com/college-football/team/schedule/_/id/3100",NA
"2416","s:20~l:23~t:2416","morningside-college-chiefs","MSIDE","Morningside College Chiefs","Morningsde","Chiefs","Morningsde","Morningside College","000000",NA,TRUE,FALSE,"https://a.espncdn.com/guid/98f21645-3b08-3b73-6d0a-0994f8bee411/logos/primary_logo_on_white_color.png","https://www.espn.com/college-football/team/_/id/2416/morningside-college-chiefs","https://www.espn.com/college-football/team/roster/_/id/2416","https://www.espn.com/college-football/team/stats/_/id/2416","https://www.espn.com/college-football/team/schedule/_/id/2416",NA
"415","s:20~l:23~t:415","newberg-bruins","GFU","NEWBERG Bruins","George Fox","Bruins","George Fox","NEWBERG","002d62","c2a303",TRUE,FALSE,"https://a.espncdn.com/i/teamlogos/ncaa/500/415.png",NA,"https://www.espn.com/college-football/team/roster/_/id/415","https://www.espn.com/college-football/team/stats/_/id/415","https://www.espn.com/college-football/team/schedule/_/id/415",NA
"2904","s:20~l:23~t:2904","nelson-university-lions","NEL","Nelson University Lions","Nelson","Lions","Nelson","Nelson University","000000",NA,TRUE,FALSE,"https://a.espncdn.com/guid/a3ffa68e-753d-aec1-08f4-870dc7d77760/logos/primary_logo_on_white_color.png","https://www.espn.com/college-football/team/_/id/2904/nelson-university-lions","https://www.espn.com/college-football/team/roster/_/id/2904","https://www.espn.com/college-football/team/stats/_/id/2904","https://www.espn.com/college-football/team/schedule/_/id/2904",NA
"123086","s:20~l:23~t:123086","north-american-university-stallions","NAMERICAN","North American University Stallions","North American","Stallions","North American","North American University",NA,NA,TRUE,FALSE,"https://a.espncdn.com/i/teamlogos/ncaa/500/123086.png","https://www.espn.com/college-football/team/_/id/123086/north-american-university-stallions","https://www.espn.com/college-football/team/roster/_/id/123086","https://www.espn.com/college-football/team/stats/_/id/123086","https://www.espn.com/college-football/team/schedule/_/id/123086",NA
"2824","s:20~l:23~t:2824","oklahoma-panhandle-st-ok-panhandle-st","OKLAH","Oklahoma Panhandle St Ok Panhandle St","Okpanhndle","Ok Panhandle St","Okpanhndle","Oklahoma Panhandle St","000000",NA,TRUE,FALSE,NA,"https://www.espn.com/college-football/team/_/id/2824/oklahoma-panhandle-st-ok-panhandle-st","https://www.espn.com/college-football/team/roster/_/id/2824","https://www.espn.com/college-football/team/stats/_/id/2824","https://www.espn.com/college-football/team/schedule/_/id/2824",NA
"2858","s:20~l:23~t:2858","pennwest-california-vulcans","PWC","PennWest California Vulcans","PennWest Cal","Vulcans","PennWest Cal","PennWest California","000000",NA,TRUE,FALSE,"https://a.espncdn.com/i/teamlogos/ncaa/500/2858.png",NA,"https://www.espn.com/college-football/team/roster/_/id/2858","https://www.espn.com/college-football/team/stats/_/id/2858","https://www.espn.com/college-football/team/schedule/_/id/2858",NA
"110242","s:20~l:23~t:110242","pensacola-argonauts","WES","Pensacola Argonauts","W Florida","Argonauts","W Florida","Pensacola",NA,NA,TRUE,FALSE,"https://a.espncdn.com/i/teamlogos/ncaa/500/110242.png",NA,"https://www.espn.com/college-football/team/roster/_/id/110242","https://www.espn.com/college-football/team/stats/_/id/110242","https://www.espn.com/college-football/team/schedule/_/id/110242",NA
"108358","s:20~l:23~t:108358","phoenix-firestorm","AZCHR","Phoenix Firestorm","AZ Christn","Firestorm","AZ Christn","Phoenix",NA,NA,TRUE,FALSE,NA,"https://www.espn.com/college-football/team/_/id/108358/phoenix-firestorm","https://www.espn.com/college-football/team/roster/_/id/108358","https://www.espn.com/college-football/team/stats/_/id/108358","https://www.espn.com/college-football/team/schedule/_/id/108358",NA
"95","s:20~l:23~t:95","pikeville-bears","PIKEV","Pikeville Bears","Pikeville","Bears","Pikeville","Pikeville",NA,NA,TRUE,FALSE,"https://a.espncdn.com/guid/3b75f5c6-221d-212e-7a9a-a38339e0993d/logos/primary_logo_on_white_color.png","https://www.espn.com/college-football/team/_/id/95/pikeville-bears","https://www.espn.com/college-football/team/roster/_/id/95","https://www.espn.com/college-football/team/stats/_/id/95","https://www.espn.com/college-football/team/schedule/_/id/95",NA
"3179","s:20~l:23~t:3179","point-university-skyhawks","POINT","Point University Skyhawks","Point","Skyhawks","Point","Point University",NA,NA,TRUE,FALSE,NA,"https://www.espn.com/college-football/team/_/id/3179/point-university-skyhawks","https://www.espn.com/college-football/team/roster/_/id/3179","https://www.espn.com/college-football/team/stats/_/id/3179","https://www.espn.com/college-football/team/schedule/_/id/3179",NA
"111674","s:20~l:23~t:111674","reading-golden-wolves","ALVERNIA","Reading Golden Wolves","ALVERNIA","Golden Wolves","ALVERNIA","Reading",NA,NA,TRUE,FALSE,"https://a.espncdn.com/i/teamlogos/ncaa/500/111674.png",NA,"https://www.espn.com/college-football/team/roster/_/id/111674","https://www.espn.com/college-football/team/stats/_/id/111674","https://www.espn.com/college-football/team/schedule/_/id/111674",NA
"2890","s:20~l:23~t:2890","reinhardt-university-eagles","REIN","Reinhardt University Eagles","Reinhardt","Eagles","Reinhardt","Reinhardt University",NA,NA,TRUE,FALSE,NA,"https://www.espn.com/college-football/team/_/id/2890/reinhardt-university-eagles","https://www.espn.com/college-football/team/roster/_/id/2890","https://www.espn.com/college-football/team/stats/_/id/2890","https://www.espn.com/college-football/team/schedule/_/id/2890",NA
"599","s:20~l:23~t:599","robert-morris-university-illinois-lakers","ROOSE","Robert Morris University-Illinois Lakers","Rob Mor IL","Lakers","Rob Mor IL","Robert Morris University-Illinois","000000",NA,TRUE,FALSE,NA,"https://www.espn.com/college-football/team/_/id/599/robert-morris-university-illinois-lakers","https://www.espn.com/college-football/team/roster/_/id/599","https://www.espn.com/college-football/team/stats/_/id/599","https://www.espn.com/college-football/team/schedule/_/id/599",NA
"127991","s:20~l:23~t:127991","roosevelt-lakers","ROO","Roosevelt Lakers","Roosevelt","Lakers","Roosevelt","Roosevelt","000000",NA,TRUE,FALSE,NA,NA,"https://www.espn.com/college-football/team/roster/_/id/127991","https://www.espn.com/college-football/team/stats/_/id/127991","https://www.espn.com/college-football/team/schedule/_/id/127991",NA
"2545","s:20~l:23~t:2545","se-louisiana-lions","SELA","SE Louisiana Lions","SE Louisiana","Lions","SE Louisiana","SE Louisiana","215732","ffc72c",TRUE,FALSE,"https://a.espncdn.com/i/teamlogos/ncaa/500/2545.png","https://www.espn.com/college-football/team/_/id/2545/se-louisiana-lions","https://www.espn.com/college-football/team/roster/_/id/2545","https://www.espn.com/college-football/team/stats/_/id/2545","https://www.espn.com/college-football/team/schedule/_/id/2545","https://www.vividseats.com/southeastern-louisiana-lions-football-tickets--sports-ncaa-football/performer/8875?wsUser=717"
"3110","s:20~l:23~t:3110","suny-morrisville-mustangs","MOR","SUNY Morrisville Mustangs","Morrisvlle","Mustangs","Morrisvlle","SUNY Morrisville","000000",NA,TRUE,FALSE,"https://a.espncdn.com/i/teamlogos/ncaa/500/3110.png",NA,"https://www.espn.com/college-football/team/roster/_/id/3110","https://www.espn.com/college-football/team/stats/_/id/3110","https://www.espn.com/college-football/team/schedule/_/id/3110",NA
"2584","s:20~l:23~t:2584","southern-oregon-raiders","SOU","Southern Oregon Raiders","S Oregon","Raiders","S Oregon","Southern Oregon",NA,NA,TRUE,FALSE,"https://a.espncdn.com/i/teamlogos/ncaa/500/2584.png","https://www.espn.com/college-football/team/_/id/2584/southern-oregon-raiders","https://www.espn.com/college-football/team/roster/_/id/2584","https://www.espn.com/college-football/team/stats/_/id/2584","https://www.espn.com/college-football/team/schedule/_/id/2584",NA
"2591","s:20~l:23~t:2591","st-ambrose-university-iowa-fighting-bees","STA","St Ambrose University  Iowa Fighting Bees","St Ambrose","Fighting Bees","St Ambrose","St Ambrose University  Iowa","000000",NA,TRUE,FALSE,"https://a.espncdn.com/i/teamlogos/ncaa/500/2591.png","https://www.espn.com/college-football/team/_/id/2591/st-ambrose-university-iowa-fighting-bees","https://www.espn.com/college-football/team/roster/_/id/2591","https://www.espn.com/college-football/team/stats/_/id/2591","https://www.espn.com/college-football/team/schedule/_/id/2591",NA
"2595","s:20~l:23~t:2595","st-francis-illinois-fighting-saints","SFIL","St Francis Illinois Fighting Saints","St Fran IL","Fighting Saints","St Fran IL","St Francis Illinois","000000",NA,TRUE,FALSE,NA,"https://www.espn.com/college-football/team/_/id/2595/st-francis-illinois-fighting-saints","https://www.espn.com/college-football/team/roster/_/id/2595","https://www.espn.com/college-football/team/stats/_/id/2595","https://www.espn.com/college-football/team/schedule/_/id/2595",NA
"2880","s:20~l:23~t:2880","st-louis-spartans","MB","St. Louis Spartans","MO Baptist","Spartans","MO Baptist","St. Louis",NA,NA,TRUE,FALSE,"https://a.espncdn.com/i/teamlogos/ncaa/500/2880.png","https://www.espn.com/college-football/team/_/id/2880/st-louis-spartans","https://www.espn.com/college-football/team/roster/_/id/2880","https://www.espn.com/college-football/team/stats/_/id/2880","https://www.espn.com/college-football/team/schedule/_/id/2880",NA
"3254","s:20~l:23~t:3254","st-petersburg-glory-eagles","UFFL","St. Petersburg Glory Eagles","U of Faith","Glory Eagles","U of Faith","St. Petersburg",NA,NA,TRUE,FALSE,NA,"https://www.espn.com/college-football/team/_/id/3254/st-petersburg-glory-eagles","https://www.espn.com/college-football/team/roster/_/id/3254","https://www.espn.com/college-football/team/stats/_/id/3254","https://www.espn.com/college-football/team/schedule/_/id/3254",NA
"2615","s:20~l:23~t:2615","st-xavier-il-cougars","STX","St. Xavier IL Cougars","St Xavr IL","Cougars","St Xavr IL","St. Xavier IL","000000",NA,TRUE,FALSE,NA,"https://www.espn.com/college-football/team/_/id/2615/st-xavier-il-cougars","https://www.espn.com/college-football/team/roster/_/id/2615","https://www.espn.com/college-football/team/stats/_/id/2615","https://www.espn.com/college-football/team/schedule/_/id/2615",NA
"618","s:20~l:23~t:618","sterling-college-sterling-ks","STCKS","Sterling College Sterling Ks","Sterling","Sterling Ks","Sterling","Sterling College","000000",NA,TRUE,FALSE,NA,"https://www.espn.com/college-football/team/_/id/618/sterling-college-sterling-ks","https://www.espn.com/college-football/team/roster/_/id/618","https://www.espn.com/college-football/team/stats/_/id/618","https://www.espn.com/college-football/team/schedule/_/id/618",NA
"284","s:20~l:23~t:284","stonehill-skyhawks","STO","Stonehill Skyhawks","Stonehill","Skyhawks","Stonehill","Stonehill","000000",NA,TRUE,FALSE,"https://a.espncdn.com/i/teamlogos/ncaa/500/284.png","https://www.espn.com/college-football/team/_/id/284/stonehill-skyhawks","https://www.espn.com/college-football/team/roster/_/id/284","https://www.espn.com/college-football/team/stats/_/id/284","https://www.espn.com/college-football/team/schedule/_/id/284","https://www.vividseats.com/stonehill-skyhawks-football-tickets--sports-football/performer/160438?wsUser=717"
"2834","s:20~l:23~t:2834","sul-ross-state-lobos","SROS","Sul Ross State Lobos","Sul Ross State","Lobos","Sul Ross State","Sul Ross State","000000",NA,TRUE,FALSE,"https://a.espncdn.com/i/teamlogos/ncaa/500/2834.png",NA,"https://www.espn.com/college-football/team/roster/_/id/2834","https://www.espn.com/college-football/team/stats/_/id/2834","https://www.espn.com/college-football/team/schedule/_/id/2834",NA
"620","s:20~l:23~t:620","taylor-trojans","TAYLOR","Taylor Trojans","Taylor","Trojans","Taylor","Taylor","000000",NA,TRUE,FALSE,NA,"https://www.espn.com/college-football/team/_/id/620/taylor-trojans","https://www.espn.com/college-football/team/roster/_/id/620","https://www.espn.com/college-football/team/stats/_/id/620","https://www.espn.com/college-football/team/schedule/_/id/620",NA
"2637","s:20~l:23~t:2637","texas-college-steers","TXCL","Texas College Steers","Texas Col","Steers","Texas Col","Texas College",NA,NA,TRUE,FALSE,"https://a.espncdn.com/guid/43f30dfa-e0d9-ad12-1cb6-f8ceae32ffb4/logos/primary_logo_on_white_color.png","https://www.espn.com/college-football/team/_/id/2637/texas-college-steers","https://www.espn.com/college-football/team/roster/_/id/2637","https://www.espn.com/college-football/team/stats/_/id/2637","https://www.espn.com/college-football/team/schedule/_/id/2637",NA
"2646","s:20~l:23~t:2646","thomas-more-college-saints","THMORE","Thomas More College Saints","Thmas More","Saints","Thmas More","Thomas More College","000000",NA,TRUE,FALSE,NA,"https://www.espn.com/college-football/team/_/id/2646/thomas-more-college-saints","https://www.espn.com/college-football/team/roster/_/id/2646","https://www.espn.com/college-football/team/stats/_/id/2646","https://www.espn.com/college-football/team/schedule/_/id/2646",NA
"3214","s:20~l:23~t:3214","trinity-bible-college-lions","TRINBIB","Trinity Bible College Lions","Trinty Bbl","Lions","Trinty Bbl","Trinity Bible College",NA,NA,TRUE,FALSE,NA,"https://www.espn.com/college-football/team/_/id/3214/trinity-bible-college-lions","https://www.espn.com/college-football/team/roster/_/id/3214","https://www.espn.com/college-football/team/stats/_/id/3214","https://www.espn.com/college-football/team/schedule/_/id/3214",NA
"2653","s:20~l:23~t:2653","troy-trojans","TROY","Troy Trojans","Troy","Trojans","Troy","Troy","AE0210","88898c",TRUE,FALSE,"https://a.espncdn.com/i/teamlogos/ncaa/500/2653.png","https://www.espn.com/college-football/team/_/id/2653/troy-trojans","https://www.espn.com/college-football/team/roster/_/id/2653","https://www.espn.com/college-football/team/stats/_/id/2653","https://www.espn.com/college-football/team/schedule/_/id/2653","https://www.vividseats.com/troy-trojans-football-tickets--sports-ncaa-football/performer/3021?wsUser=717"
"2842","s:20~l:23~t:2842","uva-wise-cavaliers","VIRWISE","UVA Wise Cavaliers","VA Wise","Cavaliers","VA Wise","UVA Wise","e30000","000000",TRUE,FALSE,"https://a.espncdn.com/i/teamlogos/ncaa/500/2842.png",NA,"https://www.espn.com/college-football/team/roster/_/id/2842","https://www.espn.com/college-football/team/stats/_/id/2842","https://www.espn.com/college-football/team/schedule/_/id/2842",NA
"3212","s:20~l:23~t:3212","university-of-mexico-mexico-u","UMEX","University Of Mexico Mexico U","Mexico","Mexico U","Mexico","University Of Mexico",NA,NA,TRUE,FALSE,NA,"https://www.espn.com/college-football/team/_/id/3212/university-of-mexico-mexico-u","https://www.espn.com/college-football/team/roster/_/id/3212","https://www.espn.com/college-football/team/stats/_/id/3212","https://www.espn.com/college-football/team/schedule/_/id/3212",NA
"426","s:20~l:23~t:426","university-of-mount-union-raiders","MTU","University of Mount Union Raiders","Mt Union","Raiders","Mt Union","University of Mount Union","000000",NA,TRUE,FALSE,"https://a.espncdn.com/i/teamlogos/ncaa/500/426.png",NA,"https://www.espn.com/college-football/team/roster/_/id/426","https://www.espn.com/college-football/team/stats/_/id/426","https://www.espn.com/college-football/team/schedule/_/id/426",NA
"184","s:20~l:23~t:184","university-of-rochester-ny-yellow-jackets","ROC","University of Rochester (NY) Yellow Jackets","Rochester","Yellow Jackets","Rochester","University of Rochester (NY)","000000",NA,TRUE,FALSE,"https://a.espncdn.com/i/teamlogos/ncaa/500/184.png",NA,"https://www.espn.com/college-football/team/roster/_/id/184","https://www.espn.com/college-football/team/stats/_/id/184","https://www.espn.com/college-football/team/schedule/_/id/184",NA
"628","s:20~l:23~t:628","valley-city-state-valley-city-st","VALCST","Valley City State Valley City St","Vall City","Valley City St","Vall City","Valley City State","000000",NA,TRUE,FALSE,NA,"https://www.espn.com/college-football/team/_/id/628/valley-city-state-valley-city-st","https://www.espn.com/college-football/team/roster/_/id/628","https://www.espn.com/college-football/team/stats/_/id/628","https://www.espn.com/college-football/team/schedule/_/id/628",NA
"3080","s:20~l:23~t:3080","waldorf-college-warriors","WAL","Waldorf College Warriors","Waldorf","Warriors","Waldorf","Waldorf College","000000",NA,TRUE,FALSE,NA,"https://www.espn.com/college-football/team/_/id/3080/waldorf-college-warriors","https://www.espn.com/college-football/team/roster/_/id/3080","https://www.espn.com/college-football/team/stats/_/id/3080","https://www.espn.com/college-football/team/schedule/_/id/3080",NA
"2683","s:20~l:23~t:2683","warner-university-royals","WARNE","Warner University Royals","Warner","Royals","Warner","Warner University",NA,NA,TRUE,FALSE,NA,"https://www.espn.com/college-football/team/_/id/2683/warner-university-royals","https://www.espn.com/college-football/team/roster/_/id/2683","https://www.espn.com/college-football/team/stats/_/id/2683","https://www.espn.com/college-football/team/schedule/_/id/2683",NA
"630","s:20~l:23~t:630","wayland-baptist-pioneers","WAYLAND","Wayland Baptist Pioneers","Wayland","Pioneers","Wayland","Wayland Baptist",NA,NA,TRUE,FALSE,NA,"https://www.espn.com/college-football/team/_/id/630/wayland-baptist-pioneers","https://www.espn.com/college-football/team/roster/_/id/630","https://www.espn.com/college-football/team/stats/_/id/630","https://www.espn.com/college-football/team/schedule/_/id/630",NA
"2691","s:20~l:23~t:2691","webber-international-warriors","WEBBINT","Webber International Warriors","Webber Int","Warriors","Webber Int","Webber International","bf2f38","909090",TRUE,FALSE,NA,"https://www.espn.com/college-football/team/_/id/2691/webber-international-warriors","https://www.espn.com/college-football/team/roster/_/id/2691","https://www.espn.com/college-football/team/stats/_/id/2691","https://www.espn.com/college-football/team/schedule/_/id/2691",NA
"2698","s:20~l:23~t:2698","west-georgia-wolves","WGA","West Georgia Wolves","West Georgia","Wolves","West Georgia","West Georgia","0033a1","db1a21",TRUE,FALSE,"https://a.espncdn.com/i/teamlogos/ncaa/500/2698.png","https://www.espn.com/college-football/team/_/id/2698/west-georgia-wolves","https://www.espn.com/college-football/team/roster/_/id/2698","https://www.espn.com/college-football/team/stats/_/id/2698","https://www.espn.com/college-football/team/schedule/_/id/2698","https://www.vividseats.com/west-georgia-wolves-football-tickets--sports-football/performer/170919?wsUser=717"
"3211","s:20~l:23~t:3211","west-memphis-crusaders","FAI","West Memphis Crusaders","C of Faith","Crusaders","C of Faith","West Memphis",NA,NA,TRUE,FALSE,NA,"https://www.espn.com/college-football/team/_/id/3211/west-memphis-crusaders","https://www.espn.com/college-football/team/roster/_/id/3211","https://www.espn.com/college-football/team/stats/_/id/3211","https://www.espn.com/college-football/team/schedule/_/id/3211",NA
"2706","s:20~l:23~t:2706","west-virginia-institute-of-tech-golden-bears","WVT","West Virginia Institute Of Tech Golden Bears","WV Tech","Golden Bears","WV Tech","West Virginia Institute Of Tech","000000",NA,TRUE,FALSE,"https://a.espncdn.com/i/teamlogos/ncaa/500/2706.png","https://www.espn.com/college-football/team/_/id/2706/west-virginia-institute-of-tech-golden-bears","https://www.espn.com/college-football/team/roster/_/id/2706","https://www.espn.com/college-football/team/stats/_/id/2706","https://www.espn.com/college-football/team/schedule/_/id/2706",NA
"2912","s:20~l:23~t:2912","william-penn-statesmen","WILLPENN","William Penn Statesmen","Wm Penn","Statesmen","Wm Penn","William Penn","000000",NA,TRUE,FALSE,NA,"https://www.espn.com/college-football/team/_/id/2912/william-penn-statesmen","https://www.espn.com/college-football/team/roster/_/id/2912","https://www.espn.com/college-football/team/stats/_/id/2912","https://www.espn.com/college-football/team/schedule/_/id/2912",NA
"3130","s:20~l:23~t:3130","williamson-trade-school-mechanics","WIL","Williamson Trade School Mechanics","Willtrade","Mechanics","Willtrade","Williamson Trade School","000000",NA,TRUE,FALSE,NA,"https://www.espn.com/college-football/team/_/id/3130/williamson-trade-school-mechanics","https://www.espn.com/college-football/team/roster/_/id/3130","https://www.espn.com/college-football/team/stats/_/id/3130","https://www.espn.com/college-football/team/schedule/_/id/3130",NA
